Question,Category
"The app is crashing, what should I do?? Any advice?",Technical Support
I need help with: Where is your nearest store located?,General Inquiry
What are the detailed steps for: How long does it take to process a refund?,Returns & Refunds
Can I recover my lost account? ,Account Issues
What are the detailed steps for: How can I track my order?,Order & Payment
What is the return policy?? Any advice?,Returns & Refunds
Where is your nearest store located? ,General Inquiry
I need help with: How do I change my username?,Account Issues
I need help with: Where is your nearest store located?,General Inquiry
What are the detailed steps for: What payment methods are accepted?,Order & Payment
Why can't I access the website? ,Technical Support
What are the detailed steps for: How do I contact customer support?,General Inquiry
I need help with: Can I exchange an item?,Returns & Refunds
Can I exchange an item?? Any advice?,Returns & Refunds
What are the detailed steps for: Can I exchange an item?,Returns & Refunds
What payment methods are accepted?? Any advice?,Order & Payment
What are the detailed steps for: Where is your nearest store located?,General Inquiry
How do I reset my password? ,Account Issues
What are the detailed steps for: What payment methods are accepted?,Order & Payment
What are the detailed steps for: What payment methods are accepted?,Order & Payment
Can I recover my lost account? ,Account Issues
"What are the detailed steps for: The app is crashing, what should I do?",Technical Support
What are the detailed steps for: Do you offer international shipping?,General Inquiry
What are the detailed steps for: How do I update the software?,Technical Support
Do you offer international shipping?? Any advice?,General Inquiry
I need help with: How do I update the software?,Technical Support
What are the detailed steps for: How do I reset my password?,Account Issues
What payment methods are accepted? ,Order & Payment
I need help with: How do I contact customer support?,General Inquiry
What are the detailed steps for: Where is your nearest store located?,General Inquiry
What are the detailed steps for: Can I recover my lost account?,Account Issues
What is the return policy?? Any advice?,Returns & Refunds
How do I contact customer support?? Any advice?,General Inquiry
Can I cancel my order?? Any advice?,Order & Payment
How do I reset my password?? Any advice?,Account Issues
What payment methods are accepted? ,Order & Payment
"The app is crashing, what should I do?? Any advice?",Technical Support
How do I update the software? ,Technical Support
How long does it take to process a refund? ,Returns & Refunds
How do I change my username? ,Account Issues
What are the detailed steps for: What is the return policy?,Returns & Refunds
What are the detailed steps for: How do I change my username?,Account Issues
How do I contact customer support?? Any advice?,General Inquiry
I need help with: What is the return policy?,Returns & Refunds
How can I track my order? ,Order & Payment
What are the detailed steps for: How do I contact customer support?,General Inquiry
I need help with: Where is your nearest store located?,General Inquiry
What are the detailed steps for: How do I change my username?,Account Issues
"I need help with: The app is crashing, what should I do?",Technical Support
What are the detailed steps for: How do I update the software?,Technical Support
What is the return policy?? Any advice?,Returns & Refunds
How do I contact customer support? ,General Inquiry
What are the detailed steps for: Where is your nearest store located?,General Inquiry
What payment methods are accepted? ,Order & Payment
What are the detailed steps for: What is the return policy?,Returns & Refunds
I need help with: How can I track my order?,Order & Payment
Where is your nearest store located?? Any advice?,General Inquiry
Do you offer international shipping? ,General Inquiry
What is the return policy?? Any advice?,Returns & Refunds
Can I recover my lost account?? Any advice?,Account Issues
How long does it take to process a refund?? Any advice?,Returns & Refunds
I need help with: Can I cancel my order?,Order & Payment
What are the detailed steps for: What is the return policy?,Returns & Refunds
What are the detailed steps for: How do I reset my password?,Account Issues
What are the detailed steps for: How long does it take to process a refund?,Returns & Refunds
Can I recover my lost account? ,Account Issues
I need help with: Where is your nearest store located?,General Inquiry
What are the detailed steps for: How long does it take to process a refund?,Returns & Refunds
Can I cancel my order?? Any advice?,Order & Payment
I need help with: How do I contact customer support?,General Inquiry
Where is your nearest store located?? Any advice?,General Inquiry
Where is your nearest store located?? Any advice?,General Inquiry
Why can't I access the website?? Any advice?,Technical Support
I need help with: What payment methods are accepted?,Order & Payment
"The app is crashing, what should I do? ",Technical Support
Can I cancel my order?? Any advice?,Order & Payment
How do I reset my password? ,Account Issues
What are the detailed steps for: How do I update the software?,Technical Support
I need help with: Can I recover my lost account?,Account Issues
Where is your nearest store located?? Any advice?,General Inquiry
"The app is crashing, what should I do? ",Technical Support
How can I track my order? ,Order & Payment
I need help with: Why can't I access the website?,Technical Support
What are the detailed steps for: Do you offer international shipping?,General Inquiry
Where is your nearest store located? ,General Inquiry
What are the detailed steps for: How do I contact customer support?,General Inquiry
I need help with: How do I update the software?,Technical Support
What is the return policy? ,Returns & Refunds
What payment methods are accepted? ,Order & Payment
What are the detailed steps for: How long does it take to process a refund?,Returns & Refunds
"I need help with: The app is crashing, what should I do?",Technical Support
Why can't I access the website? ,Technical Support
I need help with: How do I update the software?,Technical Support
What are the detailed steps for: Can I exchange an item?,Returns & Refunds
How can I track my order? ,Order & Payment
How do I update the software?? Any advice?,Technical Support
I need help with: Why can't I access the website?,Technical Support
How do I change my username?? Any advice?,Account Issues
What are the detailed steps for: Can I cancel my order?,Order & Payment
What are the detailed steps for: Can I cancel my order?,Order & Payment
Where is your nearest store located?? Any advice?,General Inquiry
Do you offer international shipping? ,General Inquiry
How do I reset my password? ,Account Issues
I need help with: Can I recover my lost account?,Account Issues
"What are the detailed steps for: The app is crashing, what should I do?",Technical Support
What payment methods are accepted?? Any advice?,Order & Payment
I need help with: What is the return policy?,Returns & Refunds
How do I change my username?? Any advice?,Account Issues
What are the detailed steps for: How do I update the software?,Technical Support
How long does it take to process a refund?? Any advice?,Returns & Refunds
I need help with: Can I recover my lost account?,Account Issues
What are the detailed steps for: How long does it take to process a refund?,Returns & Refunds
I need help with: Why can't I access the website?,Technical Support
What are the detailed steps for: Do you offer international shipping?,General Inquiry
What payment methods are accepted?? Any advice?,Order & Payment
I need help with: How do I change my username?,Account Issues
How do I contact customer support? ,General Inquiry
I need help with: How long does it take to process a refund?,Returns & Refunds
Can I recover my lost account?? Any advice?,Account Issues
What are the detailed steps for: How long does it take to process a refund?,Returns & Refunds
What are the detailed steps for: Can I exchange an item?,Returns & Refunds
What are the detailed steps for: Do you offer international shipping?,General Inquiry
How can I track my order? ,Order & Payment
What are the detailed steps for: How long does it take to process a refund?,Returns & Refunds
How long does it take to process a refund?? Any advice?,Returns & Refunds
"What are the detailed steps for: The app is crashing, what should I do?",Technical Support
What are the detailed steps for: How do I contact customer support?,General Inquiry
Can I recover my lost account?? Any advice?,Account Issues
What is the return policy?? Any advice?,Returns & Refunds
How can I track my order?? Any advice?,Order & Payment
What are the detailed steps for: Can I exchange an item?,Returns & Refunds
How do I change my username? ,Account Issues
How do I reset my password?? Any advice?,Account Issues
How long does it take to process a refund?? Any advice?,Returns & Refunds
What are the detailed steps for: How long does it take to process a refund?,Returns & Refunds
Can I exchange an item? ,Returns & Refunds
What are the detailed steps for: Can I cancel my order?,Order & Payment
I need help with: Can I cancel my order?,Order & Payment
What are the detailed steps for: Can I exchange an item?,Returns & Refunds
Can I recover my lost account?? Any advice?,Account Issues
What are the detailed steps for: How do I change my username?,Account Issues
What payment methods are accepted? ,Order & Payment
How long does it take to process a refund?? Any advice?,Returns & Refunds
What are the detailed steps for: How can I track my order?,Order & Payment
What are the detailed steps for: How do I contact customer support?,General Inquiry
Why can't I access the website? ,Technical Support
What are the detailed steps for: What payment methods are accepted?,Order & Payment
Why can't I access the website? ,Technical Support
What are the detailed steps for: How long does it take to process a refund?,Returns & Refunds
What are the detailed steps for: Can I exchange an item?,Returns & Refunds
Can I recover my lost account? ,Account Issues
What is the return policy?? Any advice?,Returns & Refunds
How long does it take to process a refund?? Any advice?,Returns & Refunds
What are the detailed steps for: Can I cancel my order?,Order & Payment
What payment methods are accepted?? Any advice?,Order & Payment
How do I change my username?? Any advice?,Account Issues
I need help with: Can I cancel my order?,Order & Payment
What are the detailed steps for: Can I recover my lost account?,Account Issues
What are the detailed steps for: Where is your nearest store located?,General Inquiry
I need help with: How long does it take to process a refund?,Returns & Refunds
What are the detailed steps for: Can I exchange an item?,Returns & Refunds
Can I cancel my order?? Any advice?,Order & Payment
What are the detailed steps for: What payment methods are accepted?,Order & Payment
How do I reset my password?? Any advice?,Account Issues
What is the return policy? ,Returns & Refunds
"What are the detailed steps for: The app is crashing, what should I do?",Technical Support
I need help with: What is the return policy?,Returns & Refunds
What payment methods are accepted? ,Order & Payment
I need help with: Can I cancel my order?,Order & Payment
How do I change my username?? Any advice?,Account Issues
What are the detailed steps for: How do I change my username?,Account Issues
Why can't I access the website?? Any advice?,Technical Support
What are the detailed steps for: Can I cancel my order?,Order & Payment
I need help with: Can I cancel my order?,Order & Payment
What are the detailed steps for: Why can't I access the website?,Technical Support
Do you offer international shipping? ,General Inquiry
How can I track my order? ,Order & Payment
I need help with: How do I update the software?,Technical Support
Where is your nearest store located? ,General Inquiry
How can I track my order? ,Order & Payment
"What are the detailed steps for: The app is crashing, what should I do?",Technical Support
Can I recover my lost account?? Any advice?,Account Issues
Why can't I access the website?? Any advice?,Technical Support
I need help with: How can I track my order?,Order & Payment
Can I recover my lost account?? Any advice?,Account Issues
What are the detailed steps for: How do I change my username?,Account Issues
How long does it take to process a refund?? Any advice?,Returns & Refunds
I need help with: Why can't I access the website?,Technical Support
How can I track my order? ,Order & Payment
I need help with: How do I update the software?,Technical Support
What are the detailed steps for: How do I change my username?,Account Issues
What is the return policy?? Any advice?,Returns & Refunds
Do you offer international shipping? ,General Inquiry
How can I track my order? ,Order & Payment
How do I update the software?? Any advice?,Technical Support
What are the detailed steps for: How can I track my order?,Order & Payment
What are the detailed steps for: What is the return policy?,Returns & Refunds
What are the detailed steps for: What is the return policy?,Returns & Refunds
I need help with: Where is your nearest store located?,General Inquiry
"The app is crashing, what should I do?? Any advice?",Technical Support
"The app is crashing, what should I do? ",Technical Support
What payment methods are accepted? ,Order & Payment
How long does it take to process a refund?? Any advice?,Returns & Refunds
I need help with: Can I recover my lost account?,Account Issues
What are the detailed steps for: How long does it take to process a refund?,Returns & Refunds
What is the return policy?? Any advice?,Returns & Refunds
Why can't I access the website? ,Technical Support
What are the detailed steps for: How do I change my username?,Account Issues
What are the detailed steps for: Do you offer international shipping?,General Inquiry
How do I update the software? ,Technical Support
"The app is crashing, what should I do? ",Technical Support
How do I update the software?? Any advice?,Technical Support
What are the detailed steps for: Can I cancel my order?,Order & Payment
I need help with: Can I recover my lost account?,Account Issues
How do I contact customer support?? Any advice?,General Inquiry
What are the detailed steps for: What payment methods are accepted?,Order & Payment
What are the detailed steps for: How do I contact customer support?,General Inquiry
Where is your nearest store located? ,General Inquiry
What are the detailed steps for: How do I reset my password?,Account Issues
How do I contact customer support?? Any advice?,General Inquiry
I need help with: How long does it take to process a refund?,Returns & Refunds
I need help with: How do I reset my password?,Account Issues
I need help with: What payment methods are accepted?,Order & Payment
What are the detailed steps for: How do I contact customer support?,General Inquiry
How can I track my order? ,Order & Payment
Why can't I access the website?? Any advice?,Technical Support
Why can't I access the website? ,Technical Support
I need help with: How do I contact customer support?,General Inquiry
How do I update the software?? Any advice?,Technical Support
What are the detailed steps for: Can I exchange an item?,Returns & Refunds
Where is your nearest store located?? Any advice?,General Inquiry
"I need help with: The app is crashing, what should I do?",Technical Support
What are the detailed steps for: Where is your nearest store located?,General Inquiry
How do I update the software?? Any advice?,Technical Support
"The app is crashing, what should I do?? Any advice?",Technical Support
What are the detailed steps for: What is the return policy?,Returns & Refunds
I need help with: What is the return policy?,Returns & Refunds
What are the detailed steps for: How can I track my order?,Order & Payment
I need help with: How do I reset my password?,Account Issues
Why can't I access the website? ,Technical Support
How do I reset my password?? Any advice?,Account Issues
How can I track my order?? Any advice?,Order & Payment
I need help with: Can I recover my lost account?,Account Issues
I need help with: Where is your nearest store located?,General Inquiry
I need help with: How do I update the software?,Technical Support
What are the detailed steps for: Can I exchange an item?,Returns & Refunds
I need help with: How can I track my order?,Order & Payment
What are the detailed steps for: How do I reset my password?,Account Issues
How do I change my username?? Any advice?,Account Issues
Can I cancel my order? ,Order & Payment
How long does it take to process a refund?? Any advice?,Returns & Refunds
I need help with: How long does it take to process a refund?,Returns & Refunds
How can I track my order? ,Order & Payment
What are the detailed steps for: How do I change my username?,Account Issues
Do you offer international shipping?? Any advice?,General Inquiry
I need help with: How do I reset my password?,Account Issues
Do you offer international shipping?? Any advice?,General Inquiry
Can I recover my lost account? ,Account Issues
What are the detailed steps for: How do I update the software?,Technical Support
How can I track my order? ,Order & Payment
Can I recover my lost account? ,Account Issues
I need help with: How do I reset my password?,Account Issues
I need help with: Where is your nearest store located?,General Inquiry
I need help with: How long does it take to process a refund?,Returns & Refunds
I need help with: Where is your nearest store located?,General Inquiry
I need help with: What payment methods are accepted?,Order & Payment
"The app is crashing, what should I do? ",Technical Support
What are the detailed steps for: How do I contact customer support?,General Inquiry
I need help with: Can I exchange an item?,Returns & Refunds
Do you offer international shipping? ,General Inquiry
How can I track my order?? Any advice?,Order & Payment
Can I recover my lost account?? Any advice?,Account Issues
How do I reset my password? ,Account Issues
I need help with: What payment methods are accepted?,Order & Payment
What are the detailed steps for: How can I track my order?,Order & Payment
What are the detailed steps for: Can I exchange an item?,Returns & Refunds
I need help with: Where is your nearest store located?,General Inquiry
"The app is crashing, what should I do?? Any advice?",Technical Support
Can I cancel my order?? Any advice?,Order & Payment
Can I recover my lost account? ,Account Issues
Do you offer international shipping? ,General Inquiry
Can I exchange an item? ,Returns & Refunds
I need help with: Why can't I access the website?,Technical Support
How do I update the software? ,Technical Support
What payment methods are accepted? ,Order & Payment
What payment methods are accepted? ,Order & Payment
Can I recover my lost account?? Any advice?,Account Issues
What are the detailed steps for: What payment methods are accepted?,Order & Payment
How do I update the software?? Any advice?,Technical Support
What is the return policy? ,Returns & Refunds
How do I contact customer support?? Any advice?,General Inquiry
How do I change my username? ,Account Issues
I need help with: Can I exchange an item?,Returns & Refunds
"What are the detailed steps for: The app is crashing, what should I do?",Technical Support
I need help with: Do you offer international shipping?,General Inquiry
How do I reset my password?? Any advice?,Account Issues
"The app is crashing, what should I do? ",Technical Support
What are the detailed steps for: Can I recover my lost account?,Account Issues
I need help with: How long does it take to process a refund?,Returns & Refunds
Can I exchange an item? ,Returns & Refunds
What are the detailed steps for: Do you offer international shipping?,General Inquiry
What payment methods are accepted?? Any advice?,Order & Payment
Can I recover my lost account? ,Account Issues
Can I cancel my order? ,Order & Payment
I need help with: Where is your nearest store located?,General Inquiry
I need help with: What payment methods are accepted?,Order & Payment
What are the detailed steps for: Where is your nearest store located?,General Inquiry
I need help with: Can I exchange an item?,Returns & Refunds
How do I reset my password?? Any advice?,Account Issues
How can I track my order? ,Order & Payment
How can I track my order? ,Order & Payment
How do I contact customer support? ,General Inquiry
How long does it take to process a refund? ,Returns & Refunds
How do I update the software?? Any advice?,Technical Support
What are the detailed steps for: Why can't I access the website?,Technical Support
How do I update the software?? Any advice?,Technical Support
Can I cancel my order? ,Order & Payment
What payment methods are accepted? ,Order & Payment
What are the detailed steps for: Can I exchange an item?,Returns & Refunds
How do I update the software?? Any advice?,Technical Support
I need help with: Why can't I access the website?,Technical Support
I need help with: Can I recover my lost account?,Account Issues
Where is your nearest store located?? Any advice?,General Inquiry
How do I reset my password? ,Account Issues
I need help with: How do I contact customer support?,General Inquiry
Can I exchange an item?? Any advice?,Returns & Refunds
What payment methods are accepted? ,Order & Payment
I need help with: How do I update the software?,Technical Support
"What are the detailed steps for: The app is crashing, what should I do?",Technical Support
What are the detailed steps for: Do you offer international shipping?,General Inquiry
Can I cancel my order?? Any advice?,Order & Payment
Why can't I access the website?? Any advice?,Technical Support
I need help with: How can I track my order?,Order & Payment
Where is your nearest store located?? Any advice?,General Inquiry
Do you offer international shipping? ,General Inquiry
How do I contact customer support? ,General Inquiry
What is the return policy?? Any advice?,Returns & Refunds
"What are the detailed steps for: The app is crashing, what should I do?",Technical Support
I need help with: How do I change my username?,Account Issues
How do I reset my password? ,Account Issues
What are the detailed steps for: Can I exchange an item?,Returns & Refunds
I need help with: What is the return policy?,Returns & Refunds
I need help with: How do I update the software?,Technical Support
How can I track my order? ,Order & Payment
How do I contact customer support?? Any advice?,General Inquiry
"The app is crashing, what should I do?? Any advice?",Technical Support
I need help with: Can I cancel my order?,Order & Payment
I need help with: What is the return policy?,Returns & Refunds
What are the detailed steps for: How can I track my order?,Order & Payment
"I need help with: The app is crashing, what should I do?",Technical Support
Where is your nearest store located? ,General Inquiry
I need help with: How long does it take to process a refund?,Returns & Refunds
What are the detailed steps for: Can I exchange an item?,Returns & Refunds
How do I contact customer support?? Any advice?,General Inquiry
What are the detailed steps for: How can I track my order?,Order & Payment
I need help with: Can I exchange an item?,Returns & Refunds
Why can't I access the website? ,Technical Support
What are the detailed steps for: Can I exchange an item?,Returns & Refunds
Why can't I access the website?? Any advice?,Technical Support
I need help with: Do you offer international shipping?,General Inquiry
I need help with: What is the return policy?,Returns & Refunds
What are the detailed steps for: Where is your nearest store located?,General Inquiry
What are the detailed steps for: Can I recover my lost account?,Account Issues
I need help with: Where is your nearest store located?,General Inquiry
I need help with: How can I track my order?,Order & Payment
What are the detailed steps for: Can I recover my lost account?,Account Issues
Why can't I access the website?? Any advice?,Technical Support
What are the detailed steps for: Where is your nearest store located?,General Inquiry
I need help with: Can I cancel my order?,Order & Payment
"The app is crashing, what should I do? ",Technical Support
Can I exchange an item?? Any advice?,Returns & Refunds
How do I reset my password?? Any advice?,Account Issues
I need help with: Can I cancel my order?,Order & Payment
Can I exchange an item?? Any advice?,Returns & Refunds
I need help with: Can I cancel my order?,Order & Payment
I need help with: Do you offer international shipping?,General Inquiry
Can I exchange an item? ,Returns & Refunds
How do I contact customer support?? Any advice?,General Inquiry
Do you offer international shipping? ,General Inquiry
Can I recover my lost account?? Any advice?,Account Issues
Can I recover my lost account?? Any advice?,Account Issues
How long does it take to process a refund? ,Returns & Refunds
How long does it take to process a refund? ,Returns & Refunds
What are the detailed steps for: How do I update the software?,Technical Support
What are the detailed steps for: What payment methods are accepted?,Order & Payment
I need help with: How do I reset my password?,Account Issues
What are the detailed steps for: What payment methods are accepted?,Order & Payment
"What are the detailed steps for: The app is crashing, what should I do?",Technical Support
What is the return policy?? Any advice?,Returns & Refunds
I need help with: Where is your nearest store located?,General Inquiry
I need help with: Can I exchange an item?,Returns & Refunds
What are the detailed steps for: Why can't I access the website?,Technical Support
Why can't I access the website? ,Technical Support
How do I contact customer support?? Any advice?,General Inquiry
I need help with: What is the return policy?,Returns & Refunds
I need help with: Do you offer international shipping?,General Inquiry
What are the detailed steps for: How do I contact customer support?,General Inquiry
What are the detailed steps for: How do I reset my password?,Account Issues
How do I contact customer support?? Any advice?,General Inquiry
How do I update the software?? Any advice?,Technical Support
What are the detailed steps for: Why can't I access the website?,Technical Support
What payment methods are accepted?? Any advice?,Order & Payment
I need help with: What payment methods are accepted?,Order & Payment
What are the detailed steps for: Can I recover my lost account?,Account Issues
What are the detailed steps for: How do I reset my password?,Account Issues
What are the detailed steps for: How do I reset my password?,Account Issues
I need help with: What is the return policy?,Returns & Refunds
How can I track my order?? Any advice?,Order & Payment
How do I contact customer support? ,General Inquiry
How do I contact customer support?? Any advice?,General Inquiry
I need help with: How long does it take to process a refund?,Returns & Refunds
Do you offer international shipping? ,General Inquiry
What are the detailed steps for: Why can't I access the website?,Technical Support
Where is your nearest store located? ,General Inquiry
I need help with: How do I reset my password?,Account Issues
What is the return policy? ,Returns & Refunds
What payment methods are accepted? ,Order & Payment
What payment methods are accepted?? Any advice?,Order & Payment
I need help with: How do I update the software?,Technical Support
I need help with: How do I change my username?,Account Issues
How do I change my username? ,Account Issues
What are the detailed steps for: Where is your nearest store located?,General Inquiry
I need help with: What payment methods are accepted?,Order & Payment
How do I change my username? ,Account Issues
What are the detailed steps for: How can I track my order?,Order & Payment
How long does it take to process a refund?? Any advice?,Returns & Refunds
I need help with: How long does it take to process a refund?,Returns & Refunds
What are the detailed steps for: How do I change my username?,Account Issues
How do I contact customer support?? Any advice?,General Inquiry
How do I update the software?? Any advice?,Technical Support
What are the detailed steps for: How do I contact customer support?,General Inquiry
I need help with: What is the return policy?,Returns & Refunds
How do I contact customer support?? Any advice?,General Inquiry
How long does it take to process a refund? ,Returns & Refunds
Where is your nearest store located?? Any advice?,General Inquiry
How do I update the software?? Any advice?,Technical Support
What is the return policy? ,Returns & Refunds
How long does it take to process a refund?? Any advice?,Returns & Refunds
How do I update the software? ,Technical Support
Why can't I access the website? ,Technical Support
What are the detailed steps for: How do I update the software?,Technical Support
How long does it take to process a refund?? Any advice?,Returns & Refunds
Can I cancel my order? ,Order & Payment
"The app is crashing, what should I do?? Any advice?",Technical Support
How long does it take to process a refund? ,Returns & Refunds
What are the detailed steps for: How can I track my order?,Order & Payment
"I need help with: The app is crashing, what should I do?",Technical Support
What are the detailed steps for: Do you offer international shipping?,General Inquiry
What are the detailed steps for: How do I change my username?,Account Issues
Can I exchange an item? ,Returns & Refunds
What are the detailed steps for: What payment methods are accepted?,Order & Payment
"The app is crashing, what should I do? ",Technical Support
I need help with: Can I recover my lost account?,Account Issues
I need help with: How do I change my username?,Account Issues
What are the detailed steps for: Where is your nearest store located?,General Inquiry
Can I cancel my order?? Any advice?,Order & Payment
How do I change my username?? Any advice?,Account Issues
How do I reset my password?? Any advice?,Account Issues
Where is your nearest store located?? Any advice?,General Inquiry
What is the return policy?? Any advice?,Returns & Refunds
Do you offer international shipping? ,General Inquiry
How do I change my username?? Any advice?,Account Issues
What are the detailed steps for: How long does it take to process a refund?,Returns & Refunds
Can I recover my lost account? ,Account Issues
What are the detailed steps for: What is the return policy?,Returns & Refunds
I need help with: How do I update the software?,Technical Support
Can I exchange an item?? Any advice?,Returns & Refunds
I need help with: Can I exchange an item?,Returns & Refunds
What are the detailed steps for: Can I recover my lost account?,Account Issues
I need help with: Can I exchange an item?,Returns & Refunds
"The app is crashing, what should I do?? Any advice?",Technical Support
How do I contact customer support?? Any advice?,General Inquiry
Do you offer international shipping? ,General Inquiry
What are the detailed steps for: How can I track my order?,Order & Payment
What are the detailed steps for: Can I exchange an item?,Returns & Refunds
How long does it take to process a refund?? Any advice?,Returns & Refunds
How do I update the software?? Any advice?,Technical Support
Where is your nearest store located?? Any advice?,General Inquiry
What are the detailed steps for: Can I cancel my order?,Order & Payment
What are the detailed steps for: How long does it take to process a refund?,Returns & Refunds
Can I exchange an item?? Any advice?,Returns & Refunds
How do I contact customer support? ,General Inquiry
I need help with: How do I update the software?,Technical Support
I need help with: How do I update the software?,Technical Support
How do I reset my password?? Any advice?,Account Issues
What are the detailed steps for: How do I change my username?,Account Issues
Can I recover my lost account?? Any advice?,Account Issues
What is the return policy? ,Returns & Refunds
What are the detailed steps for: Why can't I access the website?,Technical Support
I need help with: How can I track my order?,Order & Payment
I need help with: Can I exchange an item?,Returns & Refunds
I need help with: Can I recover my lost account?,Account Issues
How do I change my username?? Any advice?,Account Issues
How do I update the software?? Any advice?,Technical Support
What are the detailed steps for: Do you offer international shipping?,General Inquiry
How can I track my order?? Any advice?,Order & Payment
"The app is crashing, what should I do? ",Technical Support
What payment methods are accepted?? Any advice?,Order & Payment
Can I cancel my order?? Any advice?,Order & Payment
How do I reset my password?? Any advice?,Account Issues
Can I exchange an item?? Any advice?,Returns & Refunds
I need help with: Where is your nearest store located?,General Inquiry
I need help with: Do you offer international shipping?,General Inquiry
What payment methods are accepted? ,Order & Payment
What are the detailed steps for: Where is your nearest store located?,General Inquiry
How do I update the software? ,Technical Support
Why can't I access the website?? Any advice?,Technical Support
What are the detailed steps for: Why can't I access the website?,Technical Support
Do you offer international shipping? ,General Inquiry
I need help with: How can I track my order?,Order & Payment
Can I cancel my order? ,Order & Payment
How can I track my order?? Any advice?,Order & Payment
I need help with: Can I exchange an item?,Returns & Refunds
How do I change my username? ,Account Issues
I need help with: How do I reset my password?,Account Issues
Can I recover my lost account? ,Account Issues
Why can't I access the website? ,Technical Support
What are the detailed steps for: Can I cancel my order?,Order & Payment
I need help with: How can I track my order?,Order & Payment
What payment methods are accepted? ,Order & Payment
"What are the detailed steps for: The app is crashing, what should I do?",Technical Support
What are the detailed steps for: How do I change my username?,Account Issues
How can I track my order? ,Order & Payment
Can I recover my lost account? ,Account Issues
What are the detailed steps for: What is the return policy?,Returns & Refunds
What are the detailed steps for: Why can't I access the website?,Technical Support
What payment methods are accepted? ,Order & Payment
How do I change my username?? Any advice?,Account Issues
What are the detailed steps for: What payment methods are accepted?,Order & Payment
Do you offer international shipping? ,General Inquiry
Can I exchange an item?? Any advice?,Returns & Refunds
I need help with: Where is your nearest store located?,General Inquiry
Can I recover my lost account?? Any advice?,Account Issues
Can I exchange an item? ,Returns & Refunds
I need help with: Where is your nearest store located?,General Inquiry
What are the detailed steps for: Can I cancel my order?,Order & Payment
Why can't I access the website?? Any advice?,Technical Support
Can I recover my lost account? ,Account Issues
How do I update the software? ,Technical Support
Can I exchange an item? ,Returns & Refunds
I need help with: How do I reset my password?,Account Issues
How do I reset my password? ,Account Issues
I need help with: Do you offer international shipping?,General Inquiry
I need help with: What is the return policy?,Returns & Refunds
Why can't I access the website?? Any advice?,Technical Support
What are the detailed steps for: How can I track my order?,Order & Payment
I need help with: How do I change my username?,Account Issues
I need help with: How do I contact customer support?,General Inquiry
Can I exchange an item?? Any advice?,Returns & Refunds
What are the detailed steps for: What payment methods are accepted?,Order & Payment
I need help with: Why can't I access the website?,Technical Support
I need help with: What payment methods are accepted?,Order & Payment
"What are the detailed steps for: The app is crashing, what should I do?",Technical Support
I need help with: Do you offer international shipping?,General Inquiry
How can I track my order?? Any advice?,Order & Payment
What are the detailed steps for: How long does it take to process a refund?,Returns & Refunds
I need help with: What is the return policy?,Returns & Refunds
What payment methods are accepted? ,Order & Payment
Can I cancel my order? ,Order & Payment
I need help with: Can I recover my lost account?,Account Issues
What payment methods are accepted?? Any advice?,Order & Payment
What are the detailed steps for: Can I cancel my order?,Order & Payment
What are the detailed steps for: How long does it take to process a refund?,Returns & Refunds
How long does it take to process a refund?? Any advice?,Returns & Refunds
I need help with: Can I exchange an item?,Returns & Refunds
I need help with: Can I exchange an item?,Returns & Refunds
"What are the detailed steps for: The app is crashing, what should I do?",Technical Support
How long does it take to process a refund?? Any advice?,Returns & Refunds
Why can't I access the website?? Any advice?,Technical Support
How can I track my order?? Any advice?,Order & Payment
Why can't I access the website? ,Technical Support
What are the detailed steps for: How can I track my order?,Order & Payment
What are the detailed steps for: Can I recover my lost account?,Account Issues
I need help with: How long does it take to process a refund?,Returns & Refunds
I need help with: How do I contact customer support?,General Inquiry
Why can't I access the website? ,Technical Support
"The app is crashing, what should I do? ",Technical Support
How do I reset my password?? Any advice?,Account Issues
What are the detailed steps for: Can I recover my lost account?,Account Issues
What are the detailed steps for: Where is your nearest store located?,General Inquiry
How do I change my username?? Any advice?,Account Issues
How long does it take to process a refund? ,Returns & Refunds
"The app is crashing, what should I do? ",Technical Support
What are the detailed steps for: Why can't I access the website?,Technical Support
What are the detailed steps for: Can I exchange an item?,Returns & Refunds
I need help with: How do I update the software?,Technical Support
What are the detailed steps for: What is the return policy?,Returns & Refunds
How do I contact customer support?? Any advice?,General Inquiry
Can I recover my lost account? ,Account Issues
What is the return policy?? Any advice?,Returns & Refunds
I need help with: How do I contact customer support?,General Inquiry
How do I reset my password?? Any advice?,Account Issues
How do I contact customer support? ,General Inquiry
What are the detailed steps for: Can I recover my lost account?,Account Issues
I need help with: How do I change my username?,Account Issues
How do I change my username? ,Account Issues
What is the return policy? ,Returns & Refunds
Where is your nearest store located? ,General Inquiry
How do I reset my password?? Any advice?,Account Issues
What are the detailed steps for: How can I track my order?,Order & Payment
"The app is crashing, what should I do? ",Technical Support
I need help with: Do you offer international shipping?,General Inquiry
Can I cancel my order?? Any advice?,Order & Payment
What are the detailed steps for: Can I recover my lost account?,Account Issues
How do I update the software?? Any advice?,Technical Support
I need help with: Can I recover my lost account?,Account Issues
How do I update the software? ,Technical Support
I need help with: Why can't I access the website?,Technical Support
Can I cancel my order?? Any advice?,Order & Payment
How long does it take to process a refund? ,Returns & Refunds
I need help with: Can I exchange an item?,Returns & Refunds
What payment methods are accepted?? Any advice?,Order & Payment
Why can't I access the website?? Any advice?,Technical Support
What are the detailed steps for: How do I contact customer support?,General Inquiry
Do you offer international shipping?? Any advice?,General Inquiry
How do I update the software?? Any advice?,Technical Support
Do you offer international shipping?? Any advice?,General Inquiry
I need help with: How do I reset my password?,Account Issues
What is the return policy?? Any advice?,Returns & Refunds
Can I cancel my order? ,Order & Payment
How do I contact customer support? ,General Inquiry
What are the detailed steps for: How long does it take to process a refund?,Returns & Refunds
Where is your nearest store located?? Any advice?,General Inquiry
Can I recover my lost account?? Any advice?,Account Issues
"The app is crashing, what should I do?? Any advice?",Technical Support
"The app is crashing, what should I do? ",Technical Support
How long does it take to process a refund? ,Returns & Refunds
Do you offer international shipping? ,General Inquiry
I need help with: How do I contact customer support?,General Inquiry
Can I recover my lost account?? Any advice?,Account Issues
Can I recover my lost account?? Any advice?,Account Issues
How long does it take to process a refund?? Any advice?,Returns & Refunds
How do I change my username? ,Account Issues
How do I reset my password? ,Account Issues
I need help with: How do I update the software?,Technical Support
"I need help with: The app is crashing, what should I do?",Technical Support
I need help with: How long does it take to process a refund?,Returns & Refunds
I need help with: Why can't I access the website?,Technical Support
How do I reset my password? ,Account Issues
I need help with: Can I cancel my order?,Order & Payment
How long does it take to process a refund? ,Returns & Refunds
"The app is crashing, what should I do? ",Technical Support
What are the detailed steps for: Why can't I access the website?,Technical Support
How can I track my order?? Any advice?,Order & Payment
I need help with: Where is your nearest store located?,General Inquiry
I need help with: How do I contact customer support?,General Inquiry
What are the detailed steps for: How can I track my order?,Order & Payment
What is the return policy? ,Returns & Refunds
What are the detailed steps for: How do I change my username?,Account Issues
I need help with: How do I reset my password?,Account Issues
Why can't I access the website?? Any advice?,Technical Support
How do I update the software?? Any advice?,Technical Support
What is the return policy? ,Returns & Refunds
I need help with: Can I recover my lost account?,Account Issues
How long does it take to process a refund? ,Returns & Refunds
I need help with: Why can't I access the website?,Technical Support
What are the detailed steps for: How do I change my username?,Account Issues
"I need help with: The app is crashing, what should I do?",Technical Support
What is the return policy?? Any advice?,Returns & Refunds
Can I exchange an item?? Any advice?,Returns & Refunds
I need help with: How do I contact customer support?,General Inquiry
Why can't I access the website?? Any advice?,Technical Support
How long does it take to process a refund?? Any advice?,Returns & Refunds
How do I change my username? ,Account Issues
What are the detailed steps for: How can I track my order?,Order & Payment
What are the detailed steps for: Where is your nearest store located?,General Inquiry
Can I recover my lost account? ,Account Issues
What are the detailed steps for: How do I change my username?,Account Issues
How do I reset my password? ,Account Issues
Do you offer international shipping?? Any advice?,General Inquiry
What are the detailed steps for: How do I change my username?,Account Issues
Can I recover my lost account?? Any advice?,Account Issues
Do you offer international shipping?? Any advice?,General Inquiry
Do you offer international shipping? ,General Inquiry
How do I change my username? ,Account Issues
How do I reset my password?? Any advice?,Account Issues
Can I exchange an item? ,Returns & Refunds
What are the detailed steps for: How can I track my order?,Order & Payment
"The app is crashing, what should I do? ",Technical Support
Where is your nearest store located?? Any advice?,General Inquiry
"The app is crashing, what should I do?? Any advice?",Technical Support
I need help with: Can I recover my lost account?,Account Issues
How do I update the software? ,Technical Support
Can I exchange an item?? Any advice?,Returns & Refunds
What are the detailed steps for: What payment methods are accepted?,Order & Payment
What are the detailed steps for: How do I reset my password?,Account Issues
I need help with: How can I track my order?,Order & Payment
Where is your nearest store located? ,General Inquiry
What are the detailed steps for: How do I contact customer support?,General Inquiry
How do I reset my password? ,Account Issues
I need help with: How do I contact customer support?,General Inquiry
What are the detailed steps for: Where is your nearest store located?,General Inquiry
What are the detailed steps for: Can I cancel my order?,Order & Payment
What are the detailed steps for: How do I update the software?,Technical Support
"The app is crashing, what should I do? ",Technical Support
What payment methods are accepted?? Any advice?,Order & Payment
What are the detailed steps for: How do I contact customer support?,General Inquiry
What are the detailed steps for: Can I recover my lost account?,Account Issues
Can I exchange an item?? Any advice?,Returns & Refunds
What is the return policy?? Any advice?,Returns & Refunds
I need help with: Why can't I access the website?,Technical Support
How can I track my order?? Any advice?,Order & Payment
Where is your nearest store located?? Any advice?,General Inquiry
How do I update the software? ,Technical Support
I need help with: Can I cancel my order?,Order & Payment
Why can't I access the website?? Any advice?,Technical Support
How do I change my username?? Any advice?,Account Issues
How do I change my username? ,Account Issues
I need help with: How do I contact customer support?,General Inquiry
How do I reset my password? ,Account Issues
What payment methods are accepted?? Any advice?,Order & Payment
What is the return policy?? Any advice?,Returns & Refunds
What are the detailed steps for: Why can't I access the website?,Technical Support
Do you offer international shipping? ,General Inquiry
I need help with: Can I exchange an item?,Returns & Refunds
Do you offer international shipping?? Any advice?,General Inquiry
I need help with: Do you offer international shipping?,General Inquiry
Can I recover my lost account? ,Account Issues
I need help with: How do I update the software?,Technical Support
What are the detailed steps for: Why can't I access the website?,Technical Support
What payment methods are accepted? ,Order & Payment
What are the detailed steps for: How do I contact customer support?,General Inquiry
Can I exchange an item?? Any advice?,Returns & Refunds
"The app is crashing, what should I do?? Any advice?",Technical Support
How long does it take to process a refund?? Any advice?,Returns & Refunds
What are the detailed steps for: Where is your nearest store located?,General Inquiry
I need help with: How do I reset my password?,Account Issues
I need help with: Can I recover my lost account?,Account Issues
I need help with: Do you offer international shipping?,General Inquiry
What are the detailed steps for: How can I track my order?,Order & Payment
What are the detailed steps for: What payment methods are accepted?,Order & Payment
I need help with: Can I recover my lost account?,Account Issues
How long does it take to process a refund?? Any advice?,Returns & Refunds
What are the detailed steps for: Can I recover my lost account?,Account Issues
Where is your nearest store located?? Any advice?,General Inquiry
I need help with: How long does it take to process a refund?,Returns & Refunds
What are the detailed steps for: How do I reset my password?,Account Issues
What are the detailed steps for: Can I recover my lost account?,Account Issues
What payment methods are accepted?? Any advice?,Order & Payment
I need help with: How do I change my username?,Account Issues
Can I cancel my order?? Any advice?,Order & Payment
How can I track my order? ,Order & Payment
How do I contact customer support?? Any advice?,General Inquiry
What are the detailed steps for: Why can't I access the website?,Technical Support
I need help with: What is the return policy?,Returns & Refunds
Do you offer international shipping?? Any advice?,General Inquiry
I need help with: Do you offer international shipping?,General Inquiry
I need help with: What is the return policy?,Returns & Refunds
How long does it take to process a refund?? Any advice?,Returns & Refunds
How do I change my username?? Any advice?,Account Issues
I need help with: How do I contact customer support?,General Inquiry
"What are the detailed steps for: The app is crashing, what should I do?",Technical Support
What are the detailed steps for: Where is your nearest store located?,General Inquiry
I need help with: How do I change my username?,Account Issues
Can I exchange an item?? Any advice?,Returns & Refunds
What are the detailed steps for: How can I track my order?,Order & Payment
How can I track my order?? Any advice?,Order & Payment
Why can't I access the website?? Any advice?,Technical Support
Can I recover my lost account? ,Account Issues
What are the detailed steps for: What is the return policy?,Returns & Refunds
How long does it take to process a refund?? Any advice?,Returns & Refunds
What are the detailed steps for: Can I exchange an item?,Returns & Refunds
I need help with: Can I cancel my order?,Order & Payment
What is the return policy? ,Returns & Refunds
What are the detailed steps for: Why can't I access the website?,Technical Support
Can I recover my lost account?? Any advice?,Account Issues
How do I contact customer support? ,General Inquiry
I need help with: Can I recover my lost account?,Account Issues
"What are the detailed steps for: The app is crashing, what should I do?",Technical Support
I need help with: How do I contact customer support?,General Inquiry
What are the detailed steps for: How long does it take to process a refund?,Returns & Refunds
What is the return policy?? Any advice?,Returns & Refunds
Where is your nearest store located?? Any advice?,General Inquiry
How can I track my order?? Any advice?,Order & Payment
How do I reset my password?? Any advice?,Account Issues
Can I recover my lost account?? Any advice?,Account Issues
I need help with: Can I recover my lost account?,Account Issues
What are the detailed steps for: How do I update the software?,Technical Support
What is the return policy?? Any advice?,Returns & Refunds
What are the detailed steps for: Can I recover my lost account?,Account Issues
How do I reset my password? ,Account Issues
What is the return policy? ,Returns & Refunds
How do I update the software?? Any advice?,Technical Support
Why can't I access the website?? Any advice?,Technical Support
What are the detailed steps for: Where is your nearest store located?,General Inquiry
I need help with: What is the return policy?,Returns & Refunds
I need help with: How do I update the software?,Technical Support
What are the detailed steps for: Can I exchange an item?,Returns & Refunds
Can I recover my lost account? ,Account Issues
Can I recover my lost account? ,Account Issues
Can I recover my lost account? ,Account Issues
I need help with: What payment methods are accepted?,Order & Payment
Do you offer international shipping?? Any advice?,General Inquiry
Can I cancel my order?? Any advice?,Order & Payment
What are the detailed steps for: Why can't I access the website?,Technical Support
How do I update the software?? Any advice?,Technical Support
What are the detailed steps for: Where is your nearest store located?,General Inquiry
What are the detailed steps for: Where is your nearest store located?,General Inquiry
What are the detailed steps for: What is the return policy?,Returns & Refunds
What payment methods are accepted?? Any advice?,Order & Payment
What payment methods are accepted? ,Order & Payment
"The app is crashing, what should I do? ",Technical Support
I need help with: What payment methods are accepted?,Order & Payment
What are the detailed steps for: Where is your nearest store located?,General Inquiry
How do I contact customer support? ,General Inquiry
What are the detailed steps for: How do I contact customer support?,General Inquiry
How do I contact customer support?? Any advice?,General Inquiry
Where is your nearest store located? ,General Inquiry
How long does it take to process a refund?? Any advice?,Returns & Refunds
"The app is crashing, what should I do?? Any advice?",Technical Support
I need help with: How do I change my username?,Account Issues
Do you offer international shipping? ,General Inquiry
What are the detailed steps for: What is the return policy?,Returns & Refunds
I need help with: Can I exchange an item?,Returns & Refunds
How do I change my username?? Any advice?,Account Issues
How can I track my order? ,Order & Payment
How do I update the software? ,Technical Support
Do you offer international shipping? ,General Inquiry
What are the detailed steps for: Can I recover my lost account?,Account Issues
What are the detailed steps for: What payment methods are accepted?,Order & Payment
Do you offer international shipping?? Any advice?,General Inquiry
What payment methods are accepted? ,Order & Payment
"What are the detailed steps for: The app is crashing, what should I do?",Technical Support
I need help with: How do I update the software?,Technical Support
What are the detailed steps for: How do I contact customer support?,General Inquiry
What is the return policy?? Any advice?,Returns & Refunds
What are the detailed steps for: Do you offer international shipping?,General Inquiry
What are the detailed steps for: Where is your nearest store located?,General Inquiry
"The app is crashing, what should I do? ",Technical Support
I need help with: What payment methods are accepted?,Order & Payment
Why can't I access the website?? Any advice?,Technical Support
I need help with: What payment methods are accepted?,Order & Payment
Can I cancel my order? ,Order & Payment
Can I exchange an item? ,Returns & Refunds
I need help with: What payment methods are accepted?,Order & Payment
I need help with: Can I cancel my order?,Order & Payment
Why can't I access the website? ,Technical Support
I need help with: How do I reset my password?,Account Issues
What are the detailed steps for: Do you offer international shipping?,General Inquiry
How do I update the software? ,Technical Support
What are the detailed steps for: Why can't I access the website?,Technical Support
Can I recover my lost account?? Any advice?,Account Issues
Where is your nearest store located?? Any advice?,General Inquiry
How can I track my order?? Any advice?,Order & Payment
I need help with: Can I cancel my order?,Order & Payment
I need help with: Why can't I access the website?,Technical Support
How do I update the software? ,Technical Support
I need help with: How do I reset my password?,Account Issues
I need help with: How long does it take to process a refund?,Returns & Refunds
Can I cancel my order? ,Order & Payment
What are the detailed steps for: How can I track my order?,Order & Payment
What are the detailed steps for: How long does it take to process a refund?,Returns & Refunds
I need help with: How do I change my username?,Account Issues
What are the detailed steps for: How do I reset my password?,Account Issues
What payment methods are accepted?? Any advice?,Order & Payment
How do I change my username?? Any advice?,Account Issues
What are the detailed steps for: Do you offer international shipping?,General Inquiry
Can I cancel my order? ,Order & Payment
I need help with: How do I change my username?,Account Issues
I need help with: How do I update the software?,Technical Support
What are the detailed steps for: Can I cancel my order?,Order & Payment
What are the detailed steps for: Do you offer international shipping?,General Inquiry
Can I cancel my order?? Any advice?,Order & Payment
I need help with: How do I change my username?,Account Issues
I need help with: Do you offer international shipping?,General Inquiry
How long does it take to process a refund? ,Returns & Refunds
What are the detailed steps for: How long does it take to process a refund?,Returns & Refunds
How do I reset my password?? Any advice?,Account Issues
I need help with: How do I reset my password?,Account Issues
What are the detailed steps for: How can I track my order?,Order & Payment
How long does it take to process a refund? ,Returns & Refunds
What is the return policy? ,Returns & Refunds
What are the detailed steps for: Do you offer international shipping?,General Inquiry
What payment methods are accepted?? Any advice?,Order & Payment
Can I cancel my order? ,Order & Payment
"The app is crashing, what should I do?? Any advice?",Technical Support
I need help with: How do I change my username?,Account Issues
How do I update the software? ,Technical Support
I need help with: Can I cancel my order?,Order & Payment
What payment methods are accepted? ,Order & Payment
Where is your nearest store located? ,General Inquiry
Do you offer international shipping? ,General Inquiry
How do I reset my password?? Any advice?,Account Issues
What payment methods are accepted?? Any advice?,Order & Payment
Can I exchange an item?? Any advice?,Returns & Refunds
I need help with: What payment methods are accepted?,Order & Payment
What are the detailed steps for: How do I update the software?,Technical Support
I need help with: Can I exchange an item?,Returns & Refunds
Do you offer international shipping? ,General Inquiry
How do I update the software? ,Technical Support
How do I update the software? ,Technical Support
What are the detailed steps for: How do I change my username?,Account Issues
Can I cancel my order? ,Order & Payment
How do I contact customer support? ,General Inquiry
How do I update the software? ,Technical Support
I need help with: Do you offer international shipping?,General Inquiry
Why can't I access the website?? Any advice?,Technical Support
Can I cancel my order? ,Order & Payment
How do I reset my password? ,Account Issues
Why can't I access the website?? Any advice?,Technical Support
Do you offer international shipping? ,General Inquiry
What are the detailed steps for: Why can't I access the website?,Technical Support
What are the detailed steps for: What payment methods are accepted?,Order & Payment
Can I recover my lost account?? Any advice?,Account Issues
"The app is crashing, what should I do? ",Technical Support
What are the detailed steps for: Do you offer international shipping?,General Inquiry
Can I cancel my order? ,Order & Payment
What are the detailed steps for: Can I recover my lost account?,Account Issues
What are the detailed steps for: How long does it take to process a refund?,Returns & Refunds
Where is your nearest store located? ,General Inquiry
Where is your nearest store located? ,General Inquiry
What are the detailed steps for: How do I update the software?,Technical Support
How long does it take to process a refund? ,Returns & Refunds
"The app is crashing, what should I do? ",Technical Support
What is the return policy?? Any advice?,Returns & Refunds
I need help with: Do you offer international shipping?,General Inquiry
I need help with: How long does it take to process a refund?,Returns & Refunds
Can I cancel my order?? Any advice?,Order & Payment
How do I update the software? ,Technical Support
How can I track my order?? Any advice?,Order & Payment
"The app is crashing, what should I do?? Any advice?",Technical Support
Can I recover my lost account?? Any advice?,Account Issues
What are the detailed steps for: What is the return policy?,Returns & Refunds
Can I cancel my order? ,Order & Payment
What are the detailed steps for: Can I cancel my order?,Order & Payment
"The app is crashing, what should I do?? Any advice?",Technical Support
What are the detailed steps for: Can I cancel my order?,Order & Payment
I need help with: Why can't I access the website?,Technical Support
What are the detailed steps for: Can I exchange an item?,Returns & Refunds
I need help with: What payment methods are accepted?,Order & Payment
Can I recover my lost account? ,Account Issues
What are the detailed steps for: Why can't I access the website?,Technical Support
I need help with: How do I change my username?,Account Issues
Where is your nearest store located? ,General Inquiry
Can I cancel my order? ,Order & Payment
Can I recover my lost account? ,Account Issues
I need help with: Where is your nearest store located?,General Inquiry
What are the detailed steps for: Do you offer international shipping?,General Inquiry
What are the detailed steps for: Where is your nearest store located?,General Inquiry
I need help with: What payment methods are accepted?,Order & Payment
What are the detailed steps for: How do I update the software?,Technical Support
I need help with: Can I cancel my order?,Order & Payment
How do I change my username?? Any advice?,Account Issues
How do I change my username?? Any advice?,Account Issues
I need help with: What is the return policy?,Returns & Refunds
I need help with: Can I exchange an item?,Returns & Refunds
I need help with: How do I update the software?,Technical Support
What are the detailed steps for: What payment methods are accepted?,Order & Payment
Can I recover my lost account? ,Account Issues
What are the detailed steps for: How can I track my order?,Order & Payment
What are the detailed steps for: What is the return policy?,Returns & Refunds
I need help with: How do I update the software?,Technical Support
What are the detailed steps for: What is the return policy?,Returns & Refunds
What payment methods are accepted? ,Order & Payment
"The app is crashing, what should I do? ",Technical Support
Can I exchange an item? ,Returns & Refunds
Do you offer international shipping?? Any advice?,General Inquiry
What are the detailed steps for: How do I reset my password?,Account Issues
Can I cancel my order? ,Order & Payment
How do I change my username?? Any advice?,Account Issues
How do I contact customer support?? Any advice?,General Inquiry
How can I track my order?? Any advice?,Order & Payment
How do I reset my password?? Any advice?,Account Issues
"The app is crashing, what should I do?? Any advice?",Technical Support
I need help with: What is the return policy?,Returns & Refunds
I need help with: How do I update the software?,Technical Support
What are the detailed steps for: Where is your nearest store located?,General Inquiry
How long does it take to process a refund?? Any advice?,Returns & Refunds
Can I recover my lost account? ,Account Issues
"The app is crashing, what should I do?? Any advice?",Technical Support
Can I recover my lost account? ,Account Issues
I need help with: How do I contact customer support?,General Inquiry
Why can't I access the website?? Any advice?,Technical Support
What are the detailed steps for: How do I contact customer support?,General Inquiry
Why can't I access the website? ,Technical Support
"What are the detailed steps for: The app is crashing, what should I do?",Technical Support
"The app is crashing, what should I do? ",Technical Support
"What are the detailed steps for: The app is crashing, what should I do?",Technical Support
How do I reset my password?? Any advice?,Account Issues
What payment methods are accepted?? Any advice?,Order & Payment
What payment methods are accepted? ,Order & Payment
Where is your nearest store located?? Any advice?,General Inquiry
What are the detailed steps for: Do you offer international shipping?,General Inquiry
How do I reset my password?? Any advice?,Account Issues
I need help with: How long does it take to process a refund?,Returns & Refunds
What are the detailed steps for: Do you offer international shipping?,General Inquiry
What are the detailed steps for: Can I recover my lost account?,Account Issues
How can I track my order?? Any advice?,Order & Payment
I need help with: Why can't I access the website?,Technical Support
I need help with: How do I contact customer support?,General Inquiry
What are the detailed steps for: What payment methods are accepted?,Order & Payment
I need help with: How can I track my order?,Order & Payment
What is the return policy?? Any advice?,Returns & Refunds
Do you offer international shipping?? Any advice?,General Inquiry
What is the return policy? ,Returns & Refunds
I need help with: Can I recover my lost account?,Account Issues
I need help with: What is the return policy?,Returns & Refunds
What are the detailed steps for: Can I exchange an item?,Returns & Refunds
I need help with: Where is your nearest store located?,General Inquiry
I need help with: What payment methods are accepted?,Order & Payment
